{
  "name": "Themer Light",
  "type": "light",
  "colors": {
    "focusBorder": "#8931b9",
    "foreground": "#232530",
    "widget.shadow": "#23253066",
    "selection.background": "#f9cbbe",
    "descriptionForeground": "#1a1c23",
    "errorForeground": "#da103f",
    "icon.foreground": "#1a1c23",
    "sash.hoverBorder": "#1d8991",
    "textBlockQuote.background": "#fadad1",
    "textBlockQuote.border": "#fadad1",
    "textCodeBlock.background": "#fdf0ed",
    "textLink.activeForeground": "#1eaeae",
    "textLink.foreground": "#1d8991",
    "textPreformat.foreground": "#dc3318",
    "textSeparator.foreground": "#232530",
    "button.background": "#1d8991",
    "button.foreground": "#fdf0ed",
    "button.hoverBackground": "#1eaeae",
    "button.secondaryForeground": "#fdf0ed",
    "button.secondaryBackground": "#1a1c23",
    "button.secondaryHoverBackground": "#1c1e26",
    "checkbox.background": "#1d8991",
    "checkbox.foreground": "#fdf0ed",
    "checkbox.border": "#fadad1",
    "dropdown.background": "#fadad1",
    "dropdown.listBackground": "#fadad1",
    "dropdown.border": "#fadad1",
    "dropdown.foreground": "#1a1c23",
    "input.background": "#fadad1",
    "input.border": "#fadad1",
    "input.foreground": "#1a1c23",
    "input.placeholderForeground": "#f9cbbe",
    "inputOption.activeBackground": "#f9cbbe",
    "inputOption.activeBorder": "#1eaeae",
    "inputOption.activeForeground": "#232530",
    "inputValidation.errorBackground": "#fadad1",
    "inputValidation.errorForeground": "#da103f",
    "inputValidation.errorBorder": "#da103f",
    "inputValidation.infoBackground": "#fadad1",
    "inputValidation.infoForeground": "#1d8991",
    "inputValidation.infoBorder": "#1d8991",
    "inputValidation.warningBackground": "#fadad1",
    "inputValidation.warningForeground": "#dc3318",
    "inputValidation.warningBorder": "#dc3318",
    "scrollbar.shadow": "#23253066",
    "scrollbarSlider.activeBackground": "#1c1e267f",
    "scrollbarSlider.background": "#8931b97f",
    "scrollbarSlider.hoverBackground": "#2325307f",
    "badge.foreground": "#fdf0ed",
    "badge.background": "#8931b9",
    "progressBar.background": "#07da8c",
    "list.activeSelectionBackground": "#8931b933",
    "list.activeSelectionForeground": "#232530",
    "list.dropBackground": "#fadad1",
    "list.focusBackground": "#8931b93f",
    "list.focusForeground": "#232530",
    "list.highlightForeground": "#f77d26",
    "list.hoverBackground": "#fadad133",
    "list.hoverForeground": "#232530",
    "list.inactiveSelectionBackground": "#f9cbbe3f",
    "list.inactiveSelectionForeground": "#1a1c23",
    "list.inactiveFocusBackground": "#fadad13f",
    "list.invalidItemForeground": "#da103f",
    "list.errorForeground": "#da103f",
    "list.warningForeground": "#f77d26",
    "listFilterWidget.background": "#fadad1",
    "listFilterWidget.outline": "#1d8991",
    "listFilterWidget.noMatchesOutline": "#da103f",
    "list.filterMatchBackground": "#f77d2633",
    "list.filterMatchBorder": "#f77d2633",
    "tree.indentGuidesStroke": "#fadad1",
    "list.deemphasizedForeground": "#232530",
    "activityBar.background": "#fdf0ed",
    "activityBar.dropBorder": "#1d8991",
    "activityBar.foreground": "#1c1e26",
    "activityBar.inactiveForeground": "#232530",
    "activityBar.border": "#fdf0ed",
    "activityBarBadge.background": "#8931b9",
    "activityBarBadge.foreground": "#fdf0ed",
    "activityBar.activeBorder": "#1a1c23",
    "activityBar.activeBackground": "#fadad133",
    "activityBar.activeFocusBorder": "#8931b9",
    "sideBar.background": "#fdf0ed",
    "sideBar.foreground": "#1a1c23",
    "sideBar.border": "#fadad1",
    "sideBar.dropBackground": "#fadad13f",
    "sideBarTitle.foreground": "#1c1e26",
    "sideBarSectionHeader.background": "#f9cbbe",
    "sideBarSectionHeader.foreground": "#1a1c23",
    "sideBarSectionHeader.border": "#fdf0ed",
    "minimap.findMatchHighlight": "#f77d26",
    "minimap.selectionHighlight": "#1d899180",
    "minimap.errorHighlight": "#da103f80",
    "minimap.warningHighlight": "#dc331880",
    "minimap.background": "#fdf0ed",
    "minimapSlider.background": "#fadad133",
    "minimapSlider.hoverBackground": "#f9cbbe33",
    "minimapSlider.activeBackground": "#8931b933",
    "minimapGutter.addedBackground": "#07da8c80",
    "minimapGutter.modifiedBackground": "#f77d2680",
    "minimapGutter.deletedBackground": "#da103f80",
    "editorGroup.border": "#fadad1",
    "editorGroup.dropBackground": "#f9cbbe7f",
    "editorGroupHeader.noTabsBackground": "#fdf0ed",
    "editorGroupHeader.tabsBackground": "#fdf0ed",
    "editorGroupHeader.tabsBorder": "#fdf0ed",
    "editorGroupHeader.border": "#fdf0ed",
    "editorGroup.emptyBackground": "#fdf0ed",
    "editorGroup.focusedEmptyBorder": "#fadad1",
    "tab.activeBackground": "#fdf0ed",
    "tab.unfocusedActiveBackground": "#fdf0ed",
    "tab.activeForeground": "#1a1c23",
    "tab.border": "#fdf0ed",
    "tab.lastPinnedBorder": "#e84a72",
    "tab.inactiveBackground": "#fadad1",
    "tab.unfocusedInactiveBackground": "#fadad1",
    "tab.inactiveForeground": "#8931b9",
    "tab.unfocusedActiveForeground": "#8931b9",
    "tab.unfocusedInactiveForeground": "#f9cbbe",
    "tab.hoverBackground": "#fadad180",
    "tab.unfocusedHoverBackground": "#fadad180",
    "tab.hoverForeground": "#1c1e26",
    "tab.unfocusedHoverForeground": "#232530",
    "tab.activeModifiedBorder": "#f77d26",
    "tab.inactiveModifiedBorder": "#f77d26",
    "tab.unfocusedActiveModifiedBorder": "#f77d26",
    "tab.unfocusedInactiveModifiedBorder": "#f77d26",
    "editorPane.background": "#fdf0ed",
    "editor.background": "#fdf0ed",
    "editor.foreground": "#232530",
    "editorLineNumber.foreground": "#f9cbbe",
    "editorLineNumber.activeForeground": "#232530",
    "editorCursor.background": "#fdf0ed",
    "editorCursor.foreground": "#8931b9",
    "editor.selectionBackground": "#1d899133",
    "editor.selectionForeground": "#232530",
    "editor.inactiveSelectionBackground": "#1d899133",
    "editor.selectionHighlightBackground": "#fadad1",
    "editor.wordHighlightBackground": "#8931b933",
    "editor.wordHighlightStrongBackground": "#e84a7233",
    "editor.findMatchBackground": "#f77d263f",
    "editor.findMatchHighlightBackground": "#f77d2633",
    "editor.findRangeHighlightBackground": "#fadad1",
    "editor.hoverHighlightBackground": "#f9cbbe7f",
    "editor.lineHighlightBackground": "#fdf0ed",
    "editor.lineHighlightBorder": "#fadad1",
    "editorLink.activeForeground": "#1eaeae",
    "editor.rangeHighlightBackground": "#f77d2633",
    "editor.symbolHighlightBackground": "#8931b933",
    "editorWhitespace.foreground": "#fadad1",
    "editorIndentGuide.background": "#fadad1",
    "editorIndentGuide.activeBackground": "#f9cbbe",
    "editorRuler.foreground": "#fadad1",
    "editorCodeLens.foreground": "#1c1e26",
    "editorLightBulb.foreground": "#f77d26",
    "editorLightBulbAutoFix.foreground": "#1d8991",
    "editorBracketMatch.background": "#fadad1",
    "editorBracketMatch.border": "#f9cbbe",
    "editor.foldBackground": "#fadad166",
    "editorOverviewRuler.border": "#fadad1",
    "editorOverviewRuler.findMatchForeground": "#f77d26bf",
    "editorOverviewRuler.rangeHighlightForeground": "#f9cbbebf",
    "editorOverviewRuler.selectionHighlightForeground": "#fadad1bf",
    "editorOverviewRuler.wordHighlightForeground": "#f9cbbebf",
    "editorOverviewRuler.wordHighlightStrongForeground": "#8931b9bf",
    "editorOverviewRuler.modifiedForeground": "#f77d267f",
    "editorOverviewRuler.addedForeground": "#07da8c7f",
    "editorOverviewRuler.deletedForeground": "#da103f7f",
    "editorOverviewRuler.errorForeground": "#da103f7f",
    "editorOverviewRuler.warningForeground": "#dc33187f",
    "editorOverviewRuler.infoForeground": "#1d89917f",
    "editorOverviewRuler.bracketMatchForeground": "#8931b9",
    "editorError.foreground": "#da103f",
    "editorError.border": "#232530",
    "editorWarning.foreground": "#dc3318",
    "editorWarning.border": "#1a1c23",
    "editorInfo.foreground": "#1d8991",
    "editorInfo.border": "#1c1e26",
    "editorHint.foreground": "#e84a72",
    "editorHint.border": "#232530",
    "problemsErrorIcon.foreground": "#da103f",
    "problemsWarningIcon.foreground": "#dc3318",
    "problemsInfoIcon.foreground": "#1d8991",
    "editorUnnecessaryCode.opacity": "#0000007f",
    "editorGutter.background": "#fdf0ed",
    "editorGutter.modifiedBackground": "#f77d26",
    "editorGutter.addedBackground": "#07da8c",
    "editorGutter.deletedBackground": "#da103f",
    "editorGutter.commentRangeForeground": "#8931b9",
    "editorGutter.foldingControlForeground": "#1c1e26",
    "diffEditor.insertedTextBackground": "#07da8c20",
    "diffEditor.removedTextBackground": "#da103f20",
    "diffEditor.border": "#fadad1",
    "diffEditor.diagonalFill": "#fadad17f",
    "editorWidget.foreground": "#1a1c23",
    "editorWidget.background": "#fadad1",
    "editorWidget.border": "#fadad1",
    "editorWidget.resizeBorder": "#1d8991",
    "editorSuggestWidget.background": "#fadad1",
    "editorSuggestWidget.border": "#fadad1",
    "editorSuggestWidget.foreground": "#1a1c23",
    "editorSuggestWidget.highlightForeground": "#e84a72",
    "editorSuggestWidget.selectedBackground": "#f9cbbe",
    "editorHoverWidget.foreground": "#1a1c23",
    "editorHoverWidget.background": "#fadad1",
    "editorHoverWidget.border": "#fadad1",
    "editorHoverWidget.statusBarBackground": "#1d899133",
    "debugExceptionWidget.background": "#fadad1",
    "debugExceptionWidget.border": "#fadad1",
    "editorMarkerNavigation.background": "#fadad1",
    "editorMarkerNavigationError.background": "#da103f",
    "editorMarkerNavigationWarning.background": "#dc3318",
    "editorMarkerNavigationInfo.background": "#1d8991",
    "peekView.border": "#e84a72",
    "peekViewEditor.background": "#fadad17f",
    "peekViewEditorGutter.background": "#fadad17f",
    "peekViewEditor.matchHighlightBackground": "#f77d267f",
    "peekViewResult.background": "#fadad1",
    "peekViewResult.fileForeground": "#1a1c23",
    "peekViewResult.lineForeground": "#f9cbbe",
    "peekViewResult.matchHighlightBackground": "#f77d26",
    "peekViewResult.selectionBackground": "#8931b9",
    "peekViewResult.selectionForeground": "#232530",
    "peekViewTitle.background": "#fadad1",
    "peekViewTitleDescription.foreground": "#1c1e26",
    "peekViewTitleLabel.foreground": "#232530",
    "merge.currentHeaderBackground": "#1eaeae4c",
    "merge.currentContentBackground": "#1eaeae4c",
    "merge.incomingHeaderBackground": "#1d89914c",
    "merge.incomingContentBackground": "#1d89914c",
    "merge.border": "#232530",
    "merge.commonContentBackground": "#8931b94c",
    "merge.commonHeaderBackground": "#8931b94c",
    "editorOverviewRuler.currentContentForeground": "#1eaeae",
    "editorOverviewRuler.incomingContentForeground": "#1d8991",
    "editorOverviewRuler.commonContentForeground": "#8931b9",
    "panel.background": "#fdf0ed",
    "panel.border": "#fadad1",
    "panel.dropBorder": "#1d8991",
    "panelTitle.activeBorder": "#8931b9",
    "panelTitle.activeForeground": "#1a1c23",
    "panelTitle.inactiveForeground": "#232530",
    "panelSection.border": "#fadad1",
    "panelSection.dropBackground": "#fadad13f",
    "panelSectionHeader.background": "#f9cbbe",
    "panelSectionHeader.foreground": "#1a1c23",
    "panelSectionHeader.border": "#fdf0ed",
    "imagePreview.border": "#fadad1",
    "statusBar.background": "#1d8991",
    "statusBar.foreground": "#fdf0ed",
    "statusBar.border": "#fdf0ed",
    "statusBar.debuggingBackground": "#dc3318",
    "statusBar.debuggingForeground": "#fdf0ed",
    "statusBar.debuggingBorder": "#fdf0ed",
    "statusBar.noFolderBackground": "#8931b9",
    "statusBar.noFolderForeground": "#fdf0ed",
    "statusBar.noFolderBorder": "#fdf0ed",
    "statusBarItem.activeBackground": "#1eaeae",
    "statusBarItem.hoverBackground": "#07da8c",
    "statusBarItem.prominentBackground": "#1eaeae",
    "statusBarItem.prominentHoverBackground": "#07da8c",
    "statusBarItem.remoteBackground": "#1eaeae",
    "statusBarItem.remoteForeground": "#fdf0ed",
    "statusBarItem.errorBackground": "#da103f",
    "statusBarItem.errorForeground": "#fdf0ed",
    "titleBar.activeBackground": "#fdf0ed",
    "titleBar.activeForeground": "#1c1e26",
    "titleBar.inactiveBackground": "#fdf0ed",
    "titleBar.inactiveForeground": "#8931b9",
    "menubar.selectionForeground": "#232530",
    "menubar.selectionBackground": "#fadad1",
    "menu.foreground": "#1a1c23",
    "menu.background": "#fdf0ed",
    "menu.selectionForeground": "#232530",
    "menu.selectionBackground": "#fadad1",
    "menu.separatorBackground": "#f9cbbe",
    "notificationCenterHeader.foreground": "#1a1c23",
    "notificationCenterHeader.background": "#f9cbbe",
    "notificationToast.border": "#8931b9",
    "notifications.foreground": "#232530",
    "notifications.background": "#fadad1",
    "notifications.border": "#8931b9",
    "notificationLink.foreground": "#1d8991",
    "notificationsErrorIcon.foreground": "#da103f",
    "notificationsWarningIcon.foreground": "#dc3318",
    "notificationsInfoIcon.foreground": "#1d8991",
    "extensionButton.prominentForeground": "#fdf0ed",
    "extensionButton.prominentBackground": "#1d8991",
    "extensionButton.prominentHoverBackground": "#1eaeae",
    "extensionBadge.remoteBackground": "#e84a72",
    "extensionBadge.remoteForeground": "#fdf0ed",
    "pickerGroup.border": "#f9cbbe",
    "pickerGroup.foreground": "#232530",
    "quickInput.background": "#fadad1",
    "quickInput.foreground": "#232530",
    "quickInputTitle.background": "#f9cbbe",
    "terminal.background": "#fdf0ed",
    "terminal.foreground": "#1a1c23",
    "terminal.ansiBlack": "#fdf0ed",
    "terminal.ansiBlue": "#1d8991",
    "terminal.ansiBrightBlack": "#fadad1",
    "terminal.ansiBrightBlue": "#1d8991",
    "terminal.ansiBrightCyan": "#1eaeae",
    "terminal.ansiBrightGreen": "#1eaeae",
    "terminal.ansiBrightMagenta": "#e84a72",
    "terminal.ansiBrightRed": "#dc3318",
    "terminal.ansiBrightWhite": "#232530",
    "terminal.ansiBrightYellow": "#f77d26",
    "terminal.ansiCyan": "#1eaeae",
    "terminal.ansiGreen": "#07da8c",
    "terminal.ansiMagenta": "#e84a72",
    "terminal.ansiRed": "#da103f",
    "terminal.ansiWhite": "#1a1c23",
    "terminal.ansiYellow": "#f77d26",
    "terminal.selectionBackground": "#1d89917f",
    "terminalCursor.background": "#fadad1",
    "terminalCursor.foreground": "#1c1e26",
    "debugToolBar.background": "#fadad1",
    "debugToolBar.border": "#f9cbbe",
    "editor.stackFrameHighlightBackground": "#1eaeae3f",
    "editor.focusedStackFrameHighlightBackground": "#07da8c3f",
    "debugView.exceptionLabelForeground": "#f77d26",
    "debugView.exceptionLabelBackground": "#fadad1",
    "debugView.stateLabelForeground": "#1d8991",
    "debugView.stateLabelBackground": "#fadad1",
    "debugView.valueChangedHighlight": "#f77d2633",
    "debugTokenExpression.name": "#1d8991",
    "debugTokenExpression.value": "#232530",
    "debugTokenExpression.string": "#07da8c",
    "debugTokenExpression.boolean": "#8931b9",
    "debugTokenExpression.number": "#e84a72",
    "debugTokenExpression.error": "#da103f",
    "testing.iconFailed": "#dc3318",
    "testing.iconErrored": "#da103f",
    "testing.iconPassed": "#07da8c",
    "testing.runAction": "#1d8991",
    "testing.iconQueued": "#1eaeae",
    "testing.iconUnset": "#1c1e26",
    "testing.iconSkipped": "#232530",
    "testing.peekBorder": "#8931b9",
    "testing.message.error.decorationForeground": "#da103f",
    "testing.message.error.lineBackground": "#da103f3f",
    "testing.message.warning.decorationForeground": "#dc3318",
    "testing.message.warning.lineBackground": "#dc33183f",
    "testing.message.info.decorationForeground": "#1d8991",
    "testing.message.info.lineBackground": "#1d89913f",
    "testing.message.hint.decorationForeground": "#e84a72",
    "testing.message.hint.lineBackground": "#e84a723f",
    "welcomePage.background": "#fdf0ed",
    "welcomePage.buttonBackground": "#fadad1",
    "welcomePage.buttonHoverBackground": "#f9cbbe",
    "welcomePage.progress.background": "#1d8991",
    "welcomePage.progress.foreground": "#fdf0ed",
    "walkThrough.embeddedEditorBackground": "#fdf0ed",
    "scm.providerBorder": "#f9cbbe",
    "gitDecoration.addedResourceForeground": "#07da8c",
    "gitDecoration.modifiedResourceForeground": "#f77d26",
    "gitDecoration.stageModifiedResourceForeground": "#1eaeae",
    "gitDecoration.deletedResourceForeground": "#da103f",
    "gitDecoration.stageDeletedResourceForeground": "#da103f",
    "gitDecoration.untrackedResourceForeground": "#8931b9",
    "gitDecoration.ignoredResourceForeground": "#8931b9",
    "gitDecoration.conflictingResourceForeground": "#1eaeae",
    "gitDecoration.submoduleResourceForeground": "#e84a72",
    "settings.headerForeground": "#232530",
    "settings.modifiedItemIndicator": "#1eaeae",
    "settings.dropdownBackground": "#fadad1",
    "settings.dropdownForeground": "#1a1c23",
    "settings.dropdownListBorder": "#f9cbbe",
    "settings.checkboxBackground": "#1d8991",
    "settings.checkboxForeground": "#fdf0ed",
    "settings.checkboxBorder": "#1d8991",
    "settings.textInputBackground": "#fadad1",
    "settings.textInputForeground": "#1a1c23",
    "settings.numberInputBackground": "#fadad1",
    "settings.numberInputForeground": "#1a1c23",
    "settings.focusedRowBackground": "#fdf0ed",
    "notebook.focusedRowBorder": "#8931b9",
    "notebook.rowHoverBackground": "#fadad17f",
    "breadcrumb.foreground": "#1c1e26",
    "breadcrumb.background": "#fdf0ed",
    "breadcrumb.focusForeground": "#1a1c23",
    "breadcrumb.activeSelectionForeground": "#232530",
    "breadcrumbPicker.background": "#fdf0ed",
    "editor.snippetTabstopHighlightBackground": "#fadad17f",
    "editor.snippetFinalTabstopHighlightBackground": "#f9cbbe7f",
    "symbolIcon.arrayForeground": "#e84a72",
    "symbolIcon.booleanForeground": "#8931b9",
    "symbolIcon.classForeground": "#1d8991",
    "symbolIcon.colorForeground": "#1eaeae",
    "symbolIcon.constantForeground": "#07da8c",
    "symbolIcon.constructorForeground": "#8931b9",
    "symbolIcon.enumeratorForeground": "#1eaeae",
    "symbolIcon.enumeratorMemberForeground": "#1d8991",
    "symbolIcon.eventForeground": "#dc3318",
    "symbolIcon.fieldForeground": "#da103f",
    "symbolIcon.fileForeground": "#1a1c23",
    "symbolIcon.folderForeground": "#1c1e26",
    "symbolIcon.functionForeground": "#8931b9",
    "symbolIcon.interfaceForeground": "#da103f",
    "symbolIcon.keyForeground": "#f77d26",
    "symbolIcon.keywordForeground": "#1d8991",
    "symbolIcon.methodForeground": "#1eaeae",
    "symbolIcon.moduleForeground": "#1eaeae",
    "symbolIcon.namespaceForeground": "#1d8991",
    "symbolIcon.nullForeground": "#da103f",
    "symbolIcon.numberForeground": "#dc3318",
    "symbolIcon.objectForeground": "#232530",
    "symbolIcon.operatorForeground": "#da103f",
    "symbolIcon.packageForeground": "#dc3318",
    "symbolIcon.propertyForeground": "#1eaeae",
    "symbolIcon.referenceForeground": "#dc3318",
    "symbolIcon.snippetForeground": "#1c1e26",
    "symbolIcon.stringForeground": "#07da8c",
    "symbolIcon.structForeground": "#1d8991",
    "symbolIcon.textForeground": "#232530",
    "symbolIcon.typeParameterForeground": "#1d8991",
    "symbolIcon.unitForeground": "#f77d26",
    "symbolIcon.variableForeground": "#dc3318",
    "debugIcon.breakpointForeground": "#da103f",
    "debugIcon.breakpointDisabledForeground": "#232530",
    "debugIcon.breakpointUnverifiedForeground": "#1c1e26",
    "debugIcon.breakpointCurrentStackframeForeground": "#07da8c",
    "debugIcon.breakpointStackframeForeground": "#f77d26",
    "debugIcon.startForeground": "#07da8c",
    "debugIcon.pauseForeground": "#1d8991",
    "debugIcon.stopForeground": "#da103f",
    "debugIcon.disconnectForeground": "#dc3318",
    "debugIcon.restartForeground": "#e84a72",
    "debugIcon.stepOverForeground": "#232530",
    "debugIcon.stepIntoForeground": "#232530",
    "debugIcon.stepOutForeground": "#232530",
    "debugIcon.continueForeground": "#07da8c",
    "debugIcon.stepBackForeground": "#232530",
    "debugConsole.infoForeground": "#1d8991",
    "debugConsole.warningForeground": "#dc3318",
    "debugConsole.errorForeground": "#da103f",
    "debugConsole.sourceForeground": "#8931b9",
    "debugConsoleInputIcon.foreground": "#232530",
    "notebook.cellBorderColor": "#fadad13f",
    "notebook.focusedEditorBorder": "#fadad1",
    "notebookStatusSuccessIcon.foreground": "#07da8c",
    "notebookStatusErrorIcon.foreground": "#da103f",
    "notebookStatusRunningIcon.foreground": "#1d8991",
    "notebook.outputContainerBackgroundColor": "#fdf0ed",
    "notebook.cellToolbarSeparator": "#fadad13f",
    "notebook.focusedCellBackground": "#fadad17f",
    "notebook.cellHoverBackground": "#fadad13f",
    "notebook.focusedCellBorder": "#8931b9",
    "notebook.focusedCellShadow": "#0000003f",
    "notebook.selectedCellBorder": "#232530",
    "notebook.cellStatusBarItemHoverBackground": "#fadad13f",
    "notebook.cellInsertionIndicator": "#07da8c",
    "notebookScrollbarSlider.background": "#8931b97f",
    "notebookScrollbarSlider.hoverBackground": "#2325307f",
    "notebookScrollbarSlider.activeBackground": "#1c1e267f",
    "notebook.symbolHighlightBackground": "#8931b93f",
    "notebook.inactiveFocusedCellBorder": "#1c1e26",
    "charts.foreground": "#1a1c23",
    "charts.lines": "#8931b9",
    "charts.red": "#da103f",
    "charts.blue": "#1d8991",
    "charts.yellow": "#f77d26",
    "charts.orange": "#dc3318",
    "charts.green": "#07da8c",
    "charts.purple": "#8931b9"
  },
  "tokenColors": [
    {
      "settings": {
        "background": "#fdf0ed",
        "foreground": "#1a1c23",
        "selectionBorder": "#1c1e26",
        "findHighlight": "#f77d26",
        "findHighlightForeground": "#fdf0ed",
        "activeGuide": "#dc3318",
        "bracketsForeground": "#1a1c237F",
        "bracketsOptions": "stippled_underline",
        "bracketsContentsForeground": "#1a1c237F",
        "tagsOptions": "stippled_underline"
      }
    },
    {
      "name": "Comment",
      "scope": "comment",
      "settings": {
        "foreground": "#8931b9"
      }
    },
    {
      "name": "Constant",
      "scope": "constant",
      "settings": {
        "foreground": "#e84a72"
      }
    },
    {
      "name": "Entity",
      "scope": "entity",
      "settings": {
        "foreground": "#1eaeae"
      }
    },
    {
      "name": "Invalid",
      "scope": "invalid",
      "settings": {
        "foreground": "#da103f"
      }
    },
    {
      "name": "Keyword",
      "scope": "keyword",
      "settings": {
        "foreground": "#8931b9"
      }
    },
    {
      "name": "Storage",
      "scope": "storage",
      "settings": {
        "foreground": "#e84a72"
      }
    },
    {
      "name": "String",
      "scope": "string",
      "settings": {
        "foreground": "#07da8c"
      }
    },
    {
      "name": "Support",
      "scope": "support",
      "settings": {
        "foreground": "#1eaeae"
      }
    },
    {
      "name": "Variable",
      "scope": "variable",
      "settings": {
        "foreground": "#232530"
      }
    },
    {
      "name": "Markup Heading",
      "scope": "markup.heading",
      "settings": {
        "foreground": "#1eaeae"
      }
    },
    {
      "name": "Markup Deleted",
      "scope": "markup.deleted",
      "settings": {
        "foreground": "#da103f"
      }
    },
    {
      "name": "Markup Inserted",
      "scope": "markup.inserted",
      "settings": {
        "foreground": "#07da8c"
      }
    },
    {
      "name": "Markup Changed",
      "scope": "markup.changed",
      "settings": {
        "foreground": "#f77d26"
      }
    },
    {
      "name": "Markup Underline",
      "scope": "markup.underline",
      "settings": {
        "fontStyle": "underline"
      }
    },
    {
      "name": "Markup Underline Link",
      "scope": "markup.underline.link",
      "settings": {
        "foreground": "#1d8991"
      }
    },
    {
      "name": "Markup List",
      "scope": "markup.list",
      "settings": {
        "foreground": "#232530"
      }
    },
    {
      "name": "Markup Raw",
      "scope": "markup.raw",
      "settings": {
        "foreground": "#e84a72"
      }
    }
  ]
}