{
  "name": "Themer Dark",
  "type": "dark",
  "colors": {
    "focusBorder": "#b877db",
    "foreground": "#f0f1f4",
    "widget.shadow": "#16161c",
    "selection.background": "#1c1e26",
    "descriptionForeground": "#989ab3",
    "errorForeground": "#e95678",
    "icon.foreground": "#989ab3",
    "sash.hoverBorder": "#21bfc2",
    "textBlockQuote.background": "#1a1c23",
    "textBlockQuote.border": "#1a1c23",
    "textCodeBlock.background": "#16161c",
    "textLink.activeForeground": "#30fdff",
    "textLink.foreground": "#21bfc2",
    "textPreformat.foreground": "#f09383",
    "textSeparator.foreground": "#2e303e",
    "button.background": "#21bfc2",
    "button.foreground": "#16161c",
    "button.hoverBackground": "#30fdff",
    "button.secondaryForeground": "#16161c",
    "button.secondaryBackground": "#989ab3",
    "button.secondaryHoverBackground": "#6c6f93",
    "checkbox.background": "#21bfc2",
    "checkbox.foreground": "#16161c",
    "checkbox.border": "#1a1c23",
    "dropdown.background": "#1a1c23",
    "dropdown.listBackground": "#1a1c23",
    "dropdown.border": "#1a1c23",
    "dropdown.foreground": "#989ab3",
    "input.background": "#1a1c23",
    "input.border": "#1a1c23",
    "input.foreground": "#989ab3",
    "input.placeholderForeground": "#1c1e26",
    "inputOption.activeBackground": "#1c1e26",
    "inputOption.activeBorder": "#30fdff",
    "inputOption.activeForeground": "#f0f1f4",
    "inputValidation.errorBackground": "#1a1c23",
    "inputValidation.errorForeground": "#e95678",
    "inputValidation.errorBorder": "#e95678",
    "inputValidation.infoBackground": "#1a1c23",
    "inputValidation.infoForeground": "#21bfc2",
    "inputValidation.infoBorder": "#21bfc2",
    "inputValidation.warningBackground": "#1a1c23",
    "inputValidation.warningForeground": "#f09383",
    "inputValidation.warningBorder": "#f09383",
    "scrollbar.shadow": "#16161c",
    "scrollbarSlider.activeBackground": "#6c6f937f",
    "scrollbarSlider.background": "#8931b97f",
    "scrollbarSlider.hoverBackground": "#2e303e7f",
    "badge.foreground": "#16161c",
    "badge.background": "#b877db",
    "progressBar.background": "#09f7a0",
    "list.activeSelectionBackground": "#b877db33",
    "list.activeSelectionForeground": "#f0f1f4",
    "list.dropBackground": "#1a1c23",
    "list.focusBackground": "#8931b93f",
    "list.focusForeground": "#f0f1f4",
    "list.highlightForeground": "#fac29a",
    "list.hoverBackground": "#1a1c2333",
    "list.hoverForeground": "#f0f1f4",
    "list.inactiveSelectionBackground": "#1c1e263f",
    "list.inactiveSelectionForeground": "#989ab3",
    "list.inactiveFocusBackground": "#1a1c233f",
    "list.invalidItemForeground": "#e95678",
    "list.errorForeground": "#e95678",
    "list.warningForeground": "#fac29a",
    "listFilterWidget.background": "#1a1c23",
    "listFilterWidget.outline": "#21bfc2",
    "listFilterWidget.noMatchesOutline": "#e95678",
    "list.filterMatchBackground": "#fac29a33",
    "list.filterMatchBorder": "#fac29a33",
    "tree.indentGuidesStroke": "#1a1c23",
    "list.deemphasizedForeground": "#2e303e",
    "activityBar.background": "#16161c",
    "activityBar.dropBorder": "#21bfc2",
    "activityBar.foreground": "#6c6f93",
    "activityBar.inactiveForeground": "#2e303e",
    "activityBar.border": "#16161c",
    "activityBarBadge.background": "#b877db",
    "activityBarBadge.foreground": "#16161c",
    "activityBar.activeBorder": "#989ab3",
    "activityBar.activeBackground": "#1a1c2333",
    "activityBar.activeFocusBorder": "#b877db",
    "sideBar.background": "#16161c",
    "sideBar.foreground": "#989ab3",
    "sideBar.border": "#1a1c23",
    "sideBar.dropBackground": "#1a1c233f",
    "sideBarTitle.foreground": "#6c6f93",
    "sideBarSectionHeader.background": "#1c1e26",
    "sideBarSectionHeader.foreground": "#989ab3",
    "sideBarSectionHeader.border": "#16161c",
    "minimap.findMatchHighlight": "#fac29a",
    "minimap.selectionHighlight": "#21bfc280",
    "minimap.errorHighlight": "#e9567880",
    "minimap.warningHighlight": "#f0938380",
    "minimap.background": "#16161c",
    "minimapSlider.background": "#1a1c2333",
    "minimapSlider.hoverBackground": "#1c1e2633",
    "minimapSlider.activeBackground": "#8931b933",
    "minimapGutter.addedBackground": "#09f7a080",
    "minimapGutter.modifiedBackground": "#fac29a80",
    "minimapGutter.deletedBackground": "#e9567880",
    "editorGroup.border": "#1a1c23",
    "editorGroup.dropBackground": "#1c1e267f",
    "editorGroupHeader.noTabsBackground": "#16161c",
    "editorGroupHeader.tabsBackground": "#16161c",
    "editorGroupHeader.tabsBorder": "#16161c",
    "editorGroupHeader.border": "#16161c",
    "editorGroup.emptyBackground": "#16161c",
    "editorGroup.focusedEmptyBorder": "#1a1c23",
    "tab.activeBackground": "#16161c",
    "tab.unfocusedActiveBackground": "#16161c",
    "tab.activeForeground": "#989ab3",
    "tab.border": "#16161c",
    "tab.lastPinnedBorder": "#f98fd1",
    "tab.inactiveBackground": "#1a1c23",
    "tab.unfocusedInactiveBackground": "#1a1c23",
    "tab.inactiveForeground": "#8931b9",
    "tab.unfocusedActiveForeground": "#8931b9",
    "tab.unfocusedInactiveForeground": "#1c1e26",
    "tab.hoverBackground": "#1a1c2380",
    "tab.unfocusedHoverBackground": "#1a1c2380",
    "tab.hoverForeground": "#6c6f93",
    "tab.unfocusedHoverForeground": "#2e303e",
    "tab.activeModifiedBorder": "#fac29a",
    "tab.inactiveModifiedBorder": "#fac29a",
    "tab.unfocusedActiveModifiedBorder": "#fac29a",
    "tab.unfocusedInactiveModifiedBorder": "#fac29a",
    "editorPane.background": "#16161c",
    "editor.background": "#16161c",
    "editor.foreground": "#f0f1f4",
    "editorLineNumber.foreground": "#1c1e26",
    "editorLineNumber.activeForeground": "#2e303e",
    "editorCursor.background": "#16161c",
    "editorCursor.foreground": "#b877db",
    "editor.selectionBackground": "#21bfc233",
    "editor.selectionForeground": "#f0f1f4",
    "editor.inactiveSelectionBackground": "#21bfc233",
    "editor.selectionHighlightBackground": "#1a1c23",
    "editor.wordHighlightBackground": "#b877db33",
    "editor.wordHighlightStrongBackground": "#f98fd133",
    "editor.findMatchBackground": "#fac29a3f",
    "editor.findMatchHighlightBackground": "#fac29a33",
    "editor.findRangeHighlightBackground": "#1a1c23",
    "editor.hoverHighlightBackground": "#1c1e267f",
    "editor.lineHighlightBackground": "#16161c",
    "editor.lineHighlightBorder": "#1a1c23",
    "editorLink.activeForeground": "#30fdff",
    "editor.rangeHighlightBackground": "#fac29a33",
    "editor.symbolHighlightBackground": "#b877db33",
    "editorWhitespace.foreground": "#1a1c23",
    "editorIndentGuide.background": "#1a1c23",
    "editorIndentGuide.activeBackground": "#1c1e26",
    "editorRuler.foreground": "#1a1c23",
    "editorCodeLens.foreground": "#6c6f93",
    "editorLightBulb.foreground": "#fac29a",
    "editorLightBulbAutoFix.foreground": "#21bfc2",
    "editorBracketMatch.background": "#1a1c23",
    "editorBracketMatch.border": "#1c1e26",
    "editor.foldBackground": "#1a1c2366",
    "editorOverviewRuler.border": "#1a1c23",
    "editorOverviewRuler.findMatchForeground": "#fac29abf",
    "editorOverviewRuler.rangeHighlightForeground": "#1c1e26bf",
    "editorOverviewRuler.selectionHighlightForeground": "#1a1c23bf",
    "editorOverviewRuler.wordHighlightForeground": "#1c1e26bf",
    "editorOverviewRuler.wordHighlightStrongForeground": "#8931b9bf",
    "editorOverviewRuler.modifiedForeground": "#fac29a7f",
    "editorOverviewRuler.addedForeground": "#09f7a07f",
    "editorOverviewRuler.deletedForeground": "#e956787f",
    "editorOverviewRuler.errorForeground": "#e956787f",
    "editorOverviewRuler.warningForeground": "#f093837f",
    "editorOverviewRuler.infoForeground": "#21bfc27f",
    "editorOverviewRuler.bracketMatchForeground": "#8931b9",
    "editorError.foreground": "#e95678",
    "editorError.border": "#f0f1f4",
    "editorWarning.foreground": "#f09383",
    "editorWarning.border": "#989ab3",
    "editorInfo.foreground": "#21bfc2",
    "editorInfo.border": "#6c6f93",
    "editorHint.foreground": "#f98fd1",
    "editorHint.border": "#2e303e",
    "problemsErrorIcon.foreground": "#e95678",
    "problemsWarningIcon.foreground": "#f09383",
    "problemsInfoIcon.foreground": "#21bfc2",
    "editorUnnecessaryCode.opacity": "#0000007f",
    "editorGutter.background": "#16161c",
    "editorGutter.modifiedBackground": "#fac29a",
    "editorGutter.addedBackground": "#09f7a0",
    "editorGutter.deletedBackground": "#e95678",
    "editorGutter.commentRangeForeground": "#8931b9",
    "editorGutter.foldingControlForeground": "#6c6f93",
    "diffEditor.insertedTextBackground": "#09f7a020",
    "diffEditor.removedTextBackground": "#e9567820",
    "diffEditor.border": "#1a1c23",
    "diffEditor.diagonalFill": "#1a1c237f",
    "editorWidget.foreground": "#989ab3",
    "editorWidget.background": "#1a1c23",
    "editorWidget.border": "#1a1c23",
    "editorWidget.resizeBorder": "#21bfc2",
    "editorSuggestWidget.background": "#1a1c23",
    "editorSuggestWidget.border": "#1a1c23",
    "editorSuggestWidget.foreground": "#989ab3",
    "editorSuggestWidget.highlightForeground": "#f98fd1",
    "editorSuggestWidget.selectedBackground": "#1c1e26",
    "editorHoverWidget.foreground": "#989ab3",
    "editorHoverWidget.background": "#1a1c23",
    "editorHoverWidget.border": "#1a1c23",
    "editorHoverWidget.statusBarBackground": "#21bfc233",
    "debugExceptionWidget.background": "#1a1c23",
    "debugExceptionWidget.border": "#1a1c23",
    "editorMarkerNavigation.background": "#1a1c23",
    "editorMarkerNavigationError.background": "#e95678",
    "editorMarkerNavigationWarning.background": "#f09383",
    "editorMarkerNavigationInfo.background": "#21bfc2",
    "peekView.border": "#f98fd1",
    "peekViewEditor.background": "#1a1c237f",
    "peekViewEditorGutter.background": "#1a1c237f",
    "peekViewEditor.matchHighlightBackground": "#fac29a7f",
    "peekViewResult.background": "#1a1c23",
    "peekViewResult.fileForeground": "#989ab3",
    "peekViewResult.lineForeground": "#1c1e26",
    "peekViewResult.matchHighlightBackground": "#fac29a",
    "peekViewResult.selectionBackground": "#8931b9",
    "peekViewResult.selectionForeground": "#f0f1f4",
    "peekViewTitle.background": "#1a1c23",
    "peekViewTitleDescription.foreground": "#6c6f93",
    "peekViewTitleLabel.foreground": "#f0f1f4",
    "merge.currentHeaderBackground": "#30fdff4c",
    "merge.currentContentBackground": "#30fdff4c",
    "merge.incomingHeaderBackground": "#21bfc24c",
    "merge.incomingContentBackground": "#21bfc24c",
    "merge.border": "#2e303e",
    "merge.commonContentBackground": "#b877db4c",
    "merge.commonHeaderBackground": "#b877db4c",
    "editorOverviewRuler.currentContentForeground": "#30fdff",
    "editorOverviewRuler.incomingContentForeground": "#21bfc2",
    "editorOverviewRuler.commonContentForeground": "#b877db",
    "panel.background": "#16161c",
    "panel.border": "#1a1c23",
    "panel.dropBorder": "#21bfc2",
    "panelTitle.activeBorder": "#8931b9",
    "panelTitle.activeForeground": "#989ab3",
    "panelTitle.inactiveForeground": "#2e303e",
    "panelSection.border": "#1a1c23",
    "panelSection.dropBackground": "#1a1c233f",
    "panelSectionHeader.background": "#1c1e26",
    "panelSectionHeader.foreground": "#989ab3",
    "panelSectionHeader.border": "#16161c",
    "imagePreview.border": "#1a1c23",
    "statusBar.background": "#21bfc2",
    "statusBar.foreground": "#16161c",
    "statusBar.border": "#16161c",
    "statusBar.debuggingBackground": "#f09383",
    "statusBar.debuggingForeground": "#16161c",
    "statusBar.debuggingBorder": "#16161c",
    "statusBar.noFolderBackground": "#b877db",
    "statusBar.noFolderForeground": "#16161c",
    "statusBar.noFolderBorder": "#16161c",
    "statusBarItem.activeBackground": "#30fdff",
    "statusBarItem.hoverBackground": "#09f7a0",
    "statusBarItem.prominentBackground": "#30fdff",
    "statusBarItem.prominentHoverBackground": "#09f7a0",
    "statusBarItem.remoteBackground": "#30fdff",
    "statusBarItem.remoteForeground": "#16161c",
    "statusBarItem.errorBackground": "#e95678",
    "statusBarItem.errorForeground": "#16161c",
    "titleBar.activeBackground": "#16161c",
    "titleBar.activeForeground": "#6c6f93",
    "titleBar.inactiveBackground": "#16161c",
    "titleBar.inactiveForeground": "#8931b9",
    "menubar.selectionForeground": "#f0f1f4",
    "menubar.selectionBackground": "#1a1c23",
    "menu.foreground": "#989ab3",
    "menu.background": "#16161c",
    "menu.selectionForeground": "#f0f1f4",
    "menu.selectionBackground": "#1a1c23",
    "menu.separatorBackground": "#1c1e26",
    "notificationCenterHeader.foreground": "#989ab3",
    "notificationCenterHeader.background": "#1c1e26",
    "notificationToast.border": "#8931b9",
    "notifications.foreground": "#f0f1f4",
    "notifications.background": "#1a1c23",
    "notifications.border": "#8931b9",
    "notificationLink.foreground": "#21bfc2",
    "notificationsErrorIcon.foreground": "#e95678",
    "notificationsWarningIcon.foreground": "#f09383",
    "notificationsInfoIcon.foreground": "#21bfc2",
    "extensionButton.prominentForeground": "#16161c",
    "extensionButton.prominentBackground": "#21bfc2",
    "extensionButton.prominentHoverBackground": "#30fdff",
    "extensionBadge.remoteBackground": "#f98fd1",
    "extensionBadge.remoteForeground": "#16161c",
    "pickerGroup.border": "#1c1e26",
    "pickerGroup.foreground": "#2e303e",
    "quickInput.background": "#1a1c23",
    "quickInput.foreground": "#f0f1f4",
    "quickInputTitle.background": "#1c1e26",
    "terminal.background": "#16161c",
    "terminal.foreground": "#989ab3",
    "terminal.ansiBlack": "#16161c",
    "terminal.ansiBlue": "#21bfc2",
    "terminal.ansiBrightBlack": "#1a1c23",
    "terminal.ansiBrightBlue": "#21bfc2",
    "terminal.ansiBrightCyan": "#30fdff",
    "terminal.ansiBrightGreen": "#30fdff",
    "terminal.ansiBrightMagenta": "#f98fd1",
    "terminal.ansiBrightRed": "#f09383",
    "terminal.ansiBrightWhite": "#f0f1f4",
    "terminal.ansiBrightYellow": "#fac29a",
    "terminal.ansiCyan": "#30fdff",
    "terminal.ansiGreen": "#09f7a0",
    "terminal.ansiMagenta": "#f98fd1",
    "terminal.ansiRed": "#e95678",
    "terminal.ansiWhite": "#989ab3",
    "terminal.ansiYellow": "#fac29a",
    "terminal.selectionBackground": "#21bfc27f",
    "terminalCursor.background": "#1a1c23",
    "terminalCursor.foreground": "#6c6f93",
    "debugToolBar.background": "#1a1c23",
    "debugToolBar.border": "#1c1e26",
    "editor.stackFrameHighlightBackground": "#30fdff3f",
    "editor.focusedStackFrameHighlightBackground": "#09f7a03f",
    "debugView.exceptionLabelForeground": "#fac29a",
    "debugView.exceptionLabelBackground": "#1a1c23",
    "debugView.stateLabelForeground": "#21bfc2",
    "debugView.stateLabelBackground": "#1a1c23",
    "debugView.valueChangedHighlight": "#fac29a33",
    "debugTokenExpression.name": "#21bfc2",
    "debugTokenExpression.value": "#f0f1f4",
    "debugTokenExpression.string": "#09f7a0",
    "debugTokenExpression.boolean": "#b877db",
    "debugTokenExpression.number": "#f98fd1",
    "debugTokenExpression.error": "#e95678",
    "testing.iconFailed": "#f09383",
    "testing.iconErrored": "#e95678",
    "testing.iconPassed": "#09f7a0",
    "testing.runAction": "#21bfc2",
    "testing.iconQueued": "#30fdff",
    "testing.iconUnset": "#6c6f93",
    "testing.iconSkipped": "#2e303e",
    "testing.peekBorder": "#8931b9",
    "testing.message.error.decorationForeground": "#e95678",
    "testing.message.error.lineBackground": "#e956783f",
    "testing.message.warning.decorationForeground": "#f09383",
    "testing.message.warning.lineBackground": "#f093833f",
    "testing.message.info.decorationForeground": "#21bfc2",
    "testing.message.info.lineBackground": "#21bfc23f",
    "testing.message.hint.decorationForeground": "#f98fd1",
    "testing.message.hint.lineBackground": "#f98fd13f",
    "welcomePage.background": "#16161c",
    "welcomePage.buttonBackground": "#1a1c23",
    "welcomePage.buttonHoverBackground": "#1c1e26",
    "welcomePage.progress.background": "#21bfc2",
    "welcomePage.progress.foreground": "#16161c",
    "walkThrough.embeddedEditorBackground": "#16161c",
    "scm.providerBorder": "#1c1e26",
    "gitDecoration.addedResourceForeground": "#09f7a0",
    "gitDecoration.modifiedResourceForeground": "#fac29a",
    "gitDecoration.stageModifiedResourceForeground": "#30fdff",
    "gitDecoration.deletedResourceForeground": "#e95678",
    "gitDecoration.stageDeletedResourceForeground": "#e95678",
    "gitDecoration.untrackedResourceForeground": "#b877db",
    "gitDecoration.ignoredResourceForeground": "#8931b9",
    "gitDecoration.conflictingResourceForeground": "#30fdff",
    "gitDecoration.submoduleResourceForeground": "#f98fd1",
    "settings.headerForeground": "#f0f1f4",
    "settings.modifiedItemIndicator": "#30fdff",
    "settings.dropdownBackground": "#1a1c23",
    "settings.dropdownForeground": "#989ab3",
    "settings.dropdownListBorder": "#1c1e26",
    "settings.checkboxBackground": "#21bfc2",
    "settings.checkboxForeground": "#16161c",
    "settings.checkboxBorder": "#21bfc2",
    "settings.textInputBackground": "#1a1c23",
    "settings.textInputForeground": "#989ab3",
    "settings.numberInputBackground": "#1a1c23",
    "settings.numberInputForeground": "#989ab3",
    "settings.focusedRowBackground": "#16161c",
    "notebook.focusedRowBorder": "#b877db",
    "notebook.rowHoverBackground": "#1a1c237f",
    "breadcrumb.foreground": "#6c6f93",
    "breadcrumb.background": "#16161c",
    "breadcrumb.focusForeground": "#989ab3",
    "breadcrumb.activeSelectionForeground": "#f0f1f4",
    "breadcrumbPicker.background": "#16161c",
    "editor.snippetTabstopHighlightBackground": "#1a1c237f",
    "editor.snippetFinalTabstopHighlightBackground": "#1c1e267f",
    "symbolIcon.arrayForeground": "#f98fd1",
    "symbolIcon.booleanForeground": "#b877db",
    "symbolIcon.classForeground": "#21bfc2",
    "symbolIcon.colorForeground": "#30fdff",
    "symbolIcon.constantForeground": "#09f7a0",
    "symbolIcon.constructorForeground": "#b877db",
    "symbolIcon.enumeratorForeground": "#30fdff",
    "symbolIcon.enumeratorMemberForeground": "#21bfc2",
    "symbolIcon.eventForeground": "#f09383",
    "symbolIcon.fieldForeground": "#e95678",
    "symbolIcon.fileForeground": "#989ab3",
    "symbolIcon.folderForeground": "#6c6f93",
    "symbolIcon.functionForeground": "#b877db",
    "symbolIcon.interfaceForeground": "#e95678",
    "symbolIcon.keyForeground": "#fac29a",
    "symbolIcon.keywordForeground": "#21bfc2",
    "symbolIcon.methodForeground": "#30fdff",
    "symbolIcon.moduleForeground": "#30fdff",
    "symbolIcon.namespaceForeground": "#21bfc2",
    "symbolIcon.nullForeground": "#e95678",
    "symbolIcon.numberForeground": "#f09383",
    "symbolIcon.objectForeground": "#f0f1f4",
    "symbolIcon.operatorForeground": "#e95678",
    "symbolIcon.packageForeground": "#f09383",
    "symbolIcon.propertyForeground": "#30fdff",
    "symbolIcon.referenceForeground": "#f09383",
    "symbolIcon.snippetForeground": "#6c6f93",
    "symbolIcon.stringForeground": "#09f7a0",
    "symbolIcon.structForeground": "#21bfc2",
    "symbolIcon.textForeground": "#f0f1f4",
    "symbolIcon.typeParameterForeground": "#21bfc2",
    "symbolIcon.unitForeground": "#fac29a",
    "symbolIcon.variableForeground": "#f09383",
    "debugIcon.breakpointForeground": "#e95678",
    "debugIcon.breakpointDisabledForeground": "#2e303e",
    "debugIcon.breakpointUnverifiedForeground": "#6c6f93",
    "debugIcon.breakpointCurrentStackframeForeground": "#09f7a0",
    "debugIcon.breakpointStackframeForeground": "#fac29a",
    "debugIcon.startForeground": "#09f7a0",
    "debugIcon.pauseForeground": "#21bfc2",
    "debugIcon.stopForeground": "#e95678",
    "debugIcon.disconnectForeground": "#f09383",
    "debugIcon.restartForeground": "#f98fd1",
    "debugIcon.stepOverForeground": "#f0f1f4",
    "debugIcon.stepIntoForeground": "#f0f1f4",
    "debugIcon.stepOutForeground": "#f0f1f4",
    "debugIcon.continueForeground": "#09f7a0",
    "debugIcon.stepBackForeground": "#f0f1f4",
    "debugConsole.infoForeground": "#21bfc2",
    "debugConsole.warningForeground": "#f09383",
    "debugConsole.errorForeground": "#e95678",
    "debugConsole.sourceForeground": "#b877db",
    "debugConsoleInputIcon.foreground": "#2e303e",
    "notebook.cellBorderColor": "#1a1c233f",
    "notebook.focusedEditorBorder": "#1a1c23",
    "notebookStatusSuccessIcon.foreground": "#09f7a0",
    "notebookStatusErrorIcon.foreground": "#e95678",
    "notebookStatusRunningIcon.foreground": "#21bfc2",
    "notebook.outputContainerBackgroundColor": "#16161c",
    "notebook.cellToolbarSeparator": "#1a1c233f",
    "notebook.focusedCellBackground": "#1a1c237f",
    "notebook.cellHoverBackground": "#1a1c233f",
    "notebook.focusedCellBorder": "#b877db",
    "notebook.focusedCellShadow": "#0000003f",
    "notebook.selectedCellBorder": "#2e303e",
    "notebook.cellStatusBarItemHoverBackground": "#1a1c233f",
    "notebook.cellInsertionIndicator": "#09f7a0",
    "notebookScrollbarSlider.background": "#8931b97f",
    "notebookScrollbarSlider.hoverBackground": "#2e303e7f",
    "notebookScrollbarSlider.activeBackground": "#6c6f937f",
    "notebook.symbolHighlightBackground": "#b877db3f",
    "notebook.inactiveFocusedCellBorder": "#6c6f93",
    "charts.foreground": "#989ab3",
    "charts.lines": "#8931b9",
    "charts.red": "#e95678",
    "charts.blue": "#21bfc2",
    "charts.yellow": "#fac29a",
    "charts.orange": "#f09383",
    "charts.green": "#09f7a0",
    "charts.purple": "#b877db"
  },
  "tokenColors": [
    {
      "settings": {
        "background": "#16161c",
        "foreground": "#989ab3",
        "selectionBorder": "#6c6f93",
        "findHighlight": "#fac29a",
        "findHighlightForeground": "#16161c",
        "activeGuide": "#f09383",
        "bracketsForeground": "#989ab37F",
        "bracketsOptions": "stippled_underline",
        "bracketsContentsForeground": "#989ab37F",
        "tagsOptions": "stippled_underline"
      }
    },
    {
      "name": "Comment",
      "scope": "comment",
      "settings": {
        "foreground": "#8931b9"
      }
    },
    {
      "name": "Constant",
      "scope": "constant",
      "settings": {
        "foreground": "#f98fd1"
      }
    },
    {
      "name": "Entity",
      "scope": "entity",
      "settings": {
        "foreground": "#30fdff"
      }
    },
    {
      "name": "Invalid",
      "scope": "invalid",
      "settings": {
        "foreground": "#e95678"
      }
    },
    {
      "name": "Keyword",
      "scope": "keyword",
      "settings": {
        "foreground": "#b877db"
      }
    },
    {
      "name": "Storage",
      "scope": "storage",
      "settings": {
        "foreground": "#f98fd1"
      }
    },
    {
      "name": "String",
      "scope": "string",
      "settings": {
        "foreground": "#09f7a0"
      }
    },
    {
      "name": "Support",
      "scope": "support",
      "settings": {
        "foreground": "#30fdff"
      }
    },
    {
      "name": "Variable",
      "scope": "variable",
      "settings": {
        "foreground": "#f0f1f4"
      }
    },
    {
      "name": "Markup Heading",
      "scope": "markup.heading",
      "settings": {
        "foreground": "#30fdff"
      }
    },
    {
      "name": "Markup Deleted",
      "scope": "markup.deleted",
      "settings": {
        "foreground": "#e95678"
      }
    },
    {
      "name": "Markup Inserted",
      "scope": "markup.inserted",
      "settings": {
        "foreground": "#09f7a0"
      }
    },
    {
      "name": "Markup Changed",
      "scope": "markup.changed",
      "settings": {
        "foreground": "#fac29a"
      }
    },
    {
      "name": "Markup Underline",
      "scope": "markup.underline",
      "settings": {
        "fontStyle": "underline"
      }
    },
    {
      "name": "Markup Underline Link",
      "scope": "markup.underline.link",
      "settings": {
        "foreground": "#21bfc2"
      }
    },
    {
      "name": "Markup List",
      "scope": "markup.list",
      "settings": {
        "foreground": "#f0f1f4"
      }
    },
    {
      "name": "Markup Raw",
      "scope": "markup.raw",
      "settings": {
        "foreground": "#f98fd1"
      }
    }
  ]
}